score,company,title,country,location,early_career_signal,role_category,source,url
95,Stripe,"Data Analyst, Intern",Canada,Toronto,intern,data analyst,Greenhouse:stripe,https://stripe.com/jobs/search?gh_jid=8194287
95,Point72,2027 Point72 Academy Investment Analyst Summer Internship Program - Singapore,Singapore,Singapore,internship,investment,Greenhouse:point72,https://boards.greenhouse.io/point72/jobs/8491128002?gh_jid=8491128002
92,Binance,"Binance Accelerator Program - Data Scientist, Analytics",Australia,"Asia; Australia, Brisbane; Australia, Melbourne; Australia, Sydney; Thailand, Bangkok; Taiwan, Taipei",internship; early career; students; recent graduates,analytics,Lever:binance,https://jobs.lever.co/binance/31b3540c-5025-4e1f-9084-9f777ef82b2e
92,Wealthsimple,"Intern, Finance",Canada,"Toronto, Ontario, Canada; Remote",intern,finance,Ashby:wealthsimple,https://jobs.ashbyhq.com/wealthsimple/50dcb3a5-b896-42c6-8173-0f6a95718ead
92,Geotab,"Market Development and Partnerships Intern, Southeast Asia",Singapore,"Singapore City, Singapore - Singapore",intern,partnerships,Greenhouse:geotab,https://job-boards.greenhouse.io/geotab/jobs/5429843008
92,Stripe,"Financial Data Analyst Intern, Technical Operations",Singapore,Singapore,intern,data analyst; operations,Greenhouse:stripe,https://stripe.com/jobs/search?gh_jid=8186442
92,Binance,Binance Accelerator Program - TradFI Business Development,United Arab Emirates,"UAE, Dubai; UAE, Abu Dhabi",internship; early career; students; recent graduates,business development,Lever:binance,https://jobs.lever.co/binance/05d495e3-982e-4af7-9d38-f87014984901
92,Binance,Binance Accelerator Program - VIP Institutional Growth & Operations,United Arab Emirates,"UAE, Abu Dhabi; Hong Kong; Asia",internship; early career; students; recent graduates; internships,business development; growth; operations,Lever:binance,https://jobs.lever.co/binance/2f41fb93-1dba-47f9-9e2c-40023020de80
92,Schonfeld,2027 Emerging Markets and Delta One Investment Analyst Internship,United Arab Emirates,"Dubai, United Arab Emirates",internship,investment,Greenhouse:schonfeld,https://job-boards.greenhouse.io/schonfeld/jobs/8220506
68,Binance,Binance Accelerator Program - Ads Implementation,United Arab Emirates,"UAE, Dubai",internship; early career; students; recent graduates; intern,marketing,Lever:binance,https://jobs.lever.co/binance/495005da-6a19-4ba1-b98b-19f9495ccb2a
68,Binance,Binance Accelerator Program - Events,United Arab Emirates,"UAE, Dubai; Asia; Hong Kong; Kuala Lumpur",intern,marketing,Lever:binance,https://jobs.lever.co/binance/b6a7e960-52b6-400c-ac58-f6d578b59fbd
68,Binance,Binance Accelerator Program - VIP Sales,United Arab Emirates,"Brazil, Sao Paulo; Latin America; United Kingdom, London; UAE, Dubai; UAE, Abu Dhabi; Global; Colombia, Bogota; Mexico, Mexico City",early career,business development,Lever:binance,https://jobs.lever.co/binance/8e3f4049-7274-43c8-9866-27a4a8ad06ea
52,Geotab,Global Operations Intern,Singapore,"Singapore City, Singapore - Singapore",intern,operations,Greenhouse:geotab,https://job-boards.greenhouse.io/geotab/jobs/5382729008
52,Binance,Binance Accelerator Program - Web3 Operations (for current university students),United Arab Emirates,"Asia; Taiwan, Taipei; UAE, Dubai; Middle East & North Africa",students,operations,Lever:binance,https://jobs.lever.co/binance/73a6e166-eb27-4079-8780-a9bf2d211121
